MAG128_00001,0
MAG128_00002,1.77788
MAG128_00003,3.16683
MAG128_00004,0.494537
MAG128_00005,0.327911
MAG128_00006,3.55137
MAG128_00007,0
MAG128_00008,3.253
MAG128_00009,0
MAG128_00010,1.43101
MAG128_00011,0.475859
MAG128_00012,0.290362
MAG128_00013,0
MAG128_00014,0
MAG128_00015,0
MAG128_00016,1.19358
MAG128_00017,1.10425
MAG128_00018,0.225419
MAG128_00019,0
MAG128_00020,1.84761
MAG128_00021,2.3623
MAG128_00022,2.3721
MAG128_00023,0.524262
MAG128_00024,0.143792
MAG128_00025,0.0951717
MAG128_00026,0
MAG128_00027,0
MAG128_00028,0.0495835
MAG128_00029,0.262686
MAG128_00030,0.162517
MAG128_00031,0.142552
MAG128_00032,0.300201
MAG128_00033,0
MAG128_00034,0.467782
MAG128_00035,0.252735
MAG128_00036,0
MAG128_00037,1.71884
MAG128_00038,0.783046
MAG128_00039,0.414554
MAG128_00040,0.198831
MAG128_00041,0.0740698
MAG128_00042,0.342171
MAG128_00043,0.425214
MAG128_00044,0
MAG128_00045,0.430908
MAG128_00046,0.662548
MAG128_00047,0
MAG128_00048,0
MAG128_00049,0
MAG128_00050,0.513543
MAG128_00051,0
MAG128_00052,0.264577
MAG128_00053,0
MAG128_00054,0.866692
MAG128_00055,0.59799
MAG128_00056,0.121366
MAG128_00057,0
MAG128_00058,0.277917
MAG128_00059,0.803012
MAG128_00060,0.197152
MAG128_00061,0.672085
MAG128_00062,0.708184
MAG128_00063,1.3989
MAG128_00064,0.114437
MAG128_00065,0.287049
MAG128_00066,0
MAG128_00067,0
MAG128_00068,0
MAG128_00069,0.0662769
MAG128_00070,0.130035
MAG128_00071,0.0861816
MAG128_00072,0
MAG128_00073,0.159512
MAG128_00074,0.513973
MAG128_00075,0.10083
MAG128_00076,0.0558652
MAG128_00077,0
MAG128_00078,0.805882
MAG128_00079,1.94542
MAG128_00080,0
MAG128_00081,0.747069
MAG128_00082,0
MAG128_00083,0
MAG128_00084,0.268334
MAG128_00085,0.0939551
MAG128_00086,0.555835
MAG128_00087,0.337225
MAG128_00088,0
MAG128_00089,0
MAG128_00090,0.198334
MAG128_00091,0.28842
MAG128_00092,0.0588473
MAG128_00093,0.369264
MAG128_00094,0
MAG128_00095,0.321089
MAG128_00096,3.73859
MAG128_00097,6.03044
MAG128_00098,0.170475
MAG128_00099,0.594779
MAG128_00100,56.9149
MAG128_00101,7.80541
MAG128_00102,1.99971
MAG128_00103,5.20501
MAG128_00104,0.431913
MAG128_00105,2.74429
MAG128_00106,6.28645
MAG128_00107,1.25244
MAG128_00108,0.850185
MAG128_00109,0.0761155
MAG128_00110,0.572324
MAG128_00111,0.652127
MAG128_00112,0.289402
MAG128_00113,0.215876
MAG128_00114,0.50581
MAG128_00115,0
MAG128_00116,0.640623
MAG128_00117,0.200195
MAG128_00118,0.0601312
MAG128_00119,0.239871
MAG128_00120,1.32127
MAG128_00121,0.296878
MAG128_00122,0.190161
MAG128_00123,1.04473
MAG128_00124,0
MAG128_00125,0.227457
MAG128_00126,0.1927
MAG128_00127,0
MAG128_00128,0.704913
MAG128_00129,0.356345
MAG128_00130,0.259051
MAG128_00131,0
MAG128_00132,0
MAG128_00133,1.05896
MAG128_00134,51.1831
MAG128_00135,0.0833052
MAG128_00136,0
MAG128_00137,1.07951
MAG128_00138,0.224218
MAG128_00139,58.5031
MAG128_00140,11.5182
MAG128_00141,0.426738
MAG128_00142,0
MAG128_00143,0.144525
MAG128_00144,0.27276
MAG128_00145,0
MAG128_00146,0.0808611
MAG128_00147,0.202029
MAG128_00148,0.540355
MAG128_00149,0.366654
MAG128_00150,0.467451
MAG128_00151,0.843091
MAG128_00152,0.429509
MAG128_00153,0
MAG128_00154,0
MAG128_00155,0.271752
MAG128_00156,0
MAG128_00157,0.32161
MAG128_00158,0
MAG128_00159,0
MAG128_00160,0.0554437
MAG128_00161,1.22666
MAG128_00162,0.977847
MAG128_00163,0.471941
MAG128_00164,0.174677
MAG128_00165,0.267791
MAG128_00166,1.69808
MAG128_00167,0.138377
MAG128_00168,0.0917397
MAG128_00169,0.059805
MAG128_00170,0.165499
MAG128_00171,0.187378
MAG128_00172,0.733579
MAG128_00173,0
MAG128_00174,0.291936
MAG128_00175,0.185071
MAG128_00176,0
MAG128_00177,0.55877
MAG128_00178,0.145372
MAG128_00179,269.072
MAG128_00180,0
MAG128_00181,0
MAG128_00182,0
MAG128_00183,1.66471
MAG128_00184,0
MAG128_00185,2.05221
MAG128_00186,0.784941
MAG128_00187,3.88224
MAG128_00188,1.64812
MAG128_00189,3.20598
MAG128_00190,1.69997
MAG128_00191,0.237929
MAG128_00192,1.65361
MAG128_00193,0.254962
MAG128_00194,0.59432
MAG128_00195,0.767138
MAG128_00196,0.173304
MAG128_00197,0.201047
MAG128_00198,0.102709
MAG128_00199,0.576536
MAG128_00200,0.291385
MAG128_00201,0
MAG128_00202,0
MAG128_00203,0
MAG128_00204,2.96169
MAG128_00205,0
MAG128_00206,0.477577
MAG128_00207,0.643965
MAG128_00208,0.17304
MAG128_00209,0
MAG128_00210,0.154905
MAG128_00211,0
MAG128_00212,0.389657
MAG128_00213,0
MAG128_00214,0
MAG128_00215,0.0394656
MAG128_00216,0.277252
MAG128_00217,0
MAG128_00218,0
MAG128_00219,4.20975
MAG128_00220,0.239307
MAG128_00221,0
MAG128_00222,1.33432
MAG128_00223,0
MAG128_00224,0.336042
MAG128_00225,2.22459
MAG128_00226,0.250818
MAG128_00227,0
MAG128_00228,0
MAG128_00229,0.435479
MAG128_00230,0.339451
MAG128_00231,0
MAG128_00232,0.157112
MAG128_00233,1.19517
MAG128_00234,0.239307
MAG128_00235,1.00918
MAG128_00236,0
MAG128_00237,0.0626664
MAG128_00238,0.382337
MAG128_00239,0.0938884
MAG128_00240,0.348128
MAG128_00241,0.279877
MAG128_00242,0.844649
MAG128_00243,1.27668
MAG128_00244,0.0368903
MAG128_00245,0.712689
MAG128_00246,1.85596
MAG128_00247,1.65361
MAG128_00248,0
MAG128_00249,0.60544
MAG128_00250,0.715074
MAG128_00251,0
MAG128_00252,2.64577
MAG128_00253,0
MAG128_00254,0
MAG128_00255,0.241992
MAG128_00256,0
MAG128_00257,0
MAG128_00258,0
MAG128_00259,0.810125
MAG128_00260,0.859018
MAG128_00261,1.84441
MAG128_00262,0
MAG128_00263,0.126069
MAG128_00264,0.954661
MAG128_00265,1.57585
MAG128_00266,0
MAG128_00267,0.250231
MAG128_00268,0.15323
MAG128_00269,0
MAG128_00270,0.344203
MAG128_00271,0.620809
MAG128_00272,0
MAG128_00273,0
MAG128_00274,0.293738
MAG128_00275,0
MAG128_00276,0.741529
MAG128_00277,0.0489233
MAG128_00278,0
MAG128_00279,0
MAG128_00280,0.126471
MAG128_00281,0.298845
MAG128_00282,0
MAG128_00283,0
MAG128_00284,0
MAG128_00285,1.10671
MAG128_00286,0
MAG128_00287,1.85699
MAG128_00288,0.257071
MAG128_00289,0.0350155
MAG128_00290,0
MAG128_00291,0.149648
MAG128_00292,0.290362
MAG128_00293,0.931611
MAG128_00294,0.336827
MAG128_00295,0
MAG128_00296,0
MAG128_00297,0.244376
MAG128_00298,0
MAG128_00299,0
MAG128_00300,0.564372
MAG128_00301,27.4151
MAG128_00302,0.0852376
MAG128_00303,0
MAG128_00304,0.0965611
MAG128_00305,0.309246
MAG128_00306,0
MAG128_00307,0.829396
MAG128_00308,0.0564854
MAG128_00309,0
MAG128_00310,0
MAG128_00311,0.825658
MAG128_00312,1.10317
MAG128_00313,0.840462
MAG128_00314,0.468371
MAG128_00315,2.19537
MAG128_00316,1.82375
MAG128_00317,2.5017
MAG128_00318,5.74528
MAG128_00319,0.372854
MAG128_00320,1.35239
MAG128_00321,4.3557
MAG128_00322,0.902379
MAG128_00323,0.331385
MAG128_00324,0.192398
MAG128_00325,0
MAG128_00326,0
MAG128_00327,0.267791
MAG128_00328,0.785153
MAG128_00329,0
MAG128_00330,0
MAG128_00331,0
MAG128_00332,0
MAG128_00333,0.308263
MAG128_00334,0.181383
MAG128_00335,0
MAG128_00336,0
MAG128_00337,0.920091
MAG128_00338,0.895456
MAG128_00339,0.490685
MAG128_00340,1.43015
MAG128_00341,0
MAG128_00342,2.92674
MAG128_00343,0.165914
MAG128_00344,1.37514
MAG128_00345,0.883233
MAG128_00346,0.253039
MAG128_00347,0.148084
MAG128_00348,0.187437
MAG128_00349,0.109874
MAG128_00350,0.61119
MAG128_00351,0.528626
MAG128_00352,0
MAG128_00353,0.118645
MAG128_00354,0.289472
MAG128_00355,0.217152
MAG128_00356,0.0324555
MAG128_00357,5.89822
MAG128_00358,0.349231
MAG128_00359,0.351458
MAG128_00360,0.0593223
MAG128_00361,0.706396
MAG128_00362,1.35177
MAG128_00363,0.114437
MAG128_00364,0.157988
MAG128_00365,0.271401
MAG128_00366,0.53414
MAG128_00367,0.593223
MAG128_00368,0
MAG128_00369,0.334908
MAG128_00370,0.855509
MAG128_00371,0
MAG128_00372,0.411931
MAG128_00373,0.351832
MAG128_00374,6.17136
MAG128_00375,0
MAG128_00376,0.415349
MAG128_00377,0
MAG128_00378,0
MAG128_00379,0.383223
MAG128_00380,0.947175
MAG128_00381,0
MAG128_00382,1.04689
MAG128_00383,0
MAG128_00384,4.08757
MAG128_00385,0.117486
MAG128_00386,0
MAG128_00387,0.079692
MAG128_00388,0
MAG128_00389,0
MAG128_00390,0.103189
MAG128_00391,0.866047
MAG128_00392,0.0897481
MAG128_00393,0
MAG128_00394,0.0832353
MAG128_00395,0.0580723
MAG128_00396,0.0908576
MAG128_00397,0.133895
MAG128_00398,0.39846
MAG128_00399,0.630804
MAG128_00400,0.0998405
MAG128_00401,0
MAG128_00402,0
MAG128_00403,0.452424
MAG128_00404,0.593542
MAG128_00405,0
MAG128_00406,0.312493
MAG128_00407,0.315223
MAG128_00408,0
MAG128_00409,0.578763
MAG128_00410,0.736756
MAG128_00411,0.13072
MAG128_00412,0.189345
MAG128_00413,0.112299
MAG128_00414,0
MAG128_00415,0.369522
MAG128_00416,0
MAG128_00417,0
MAG128_00418,0.245282
MAG128_00419,0.349354
MAG128_00420,1.05659
MAG128_00421,0
MAG128_00422,0
MAG128_00423,0
MAG128_00424,3.25412
MAG128_00425,0.578944
MAG128_00426,0.333581
MAG128_00427,1.78886
MAG128_00428,1.08845
MAG128_00429,32.6785
MAG128_00430,0
MAG128_00431,0.108256
MAG128_00432,0
MAG128_00433,0
MAG128_00434,0.366789
MAG128_00435,0.0456798
MAG128_00436,1.03858
MAG128_00437,0.325148
MAG128_00438,0.173759
MAG128_00439,0.273827
MAG128_00440,0
MAG128_00441,0
MAG128_00442,0
MAG128_00443,0.397861
MAG128_00444,0.254401
MAG128_00445,1.45518
MAG128_00446,0.51023
MAG128_00447,0.221465
MAG128_00448,0.850185
MAG128_00449,0.417315
MAG128_00450,0.0886654
MAG128_00451,0
MAG128_00452,0.978306
MAG128_00453,0
MAG128_00454,0
MAG128_00455,0
MAG128_00456,0.892335
MAG128_00457,0
MAG128_00458,0.456168
MAG128_00459,0.0964672
MAG128_00460,0
MAG128_00461,0.464987
MAG128_00462,0.0883102
MAG128_00463,0.101293
MAG128_00464,0.57103
MAG128_00465,0.354661
MAG128_00466,0
MAG128_00467,0
MAG128_00468,0.314186
MAG128_00469,0.306792
MAG128_00470,0.242732
MAG128_00471,0
MAG128_00472,0.506465
MAG128_00473,0.390616
MAG128_00474,0
MAG128_00475,4.68279
MAG128_00476,0.38807
MAG128_00477,0.873023
MAG128_00478,0.225749
MAG128_00479,0
MAG128_00480,0.637024
MAG128_00481,0.762785
MAG128_00482,0.820279
MAG128_00483,0.987229
MAG128_00484,0
MAG128_00485,0
MAG128_00486,0.482102
MAG128_00487,0.0923804
MAG128_00488,0.0978467
MAG128_00489,0.906262
MAG128_00490,0.379268
MAG128_00491,0.675542
MAG128_00492,0.236907
MAG128_00493,6.01851
MAG128_00494,2.23461
MAG128_00495,1.03351
MAG128_00496,0.0939551
MAG128_00497,0
MAG128_00498,0.0618172
MAG128_00499,0.0324396
MAG128_00500,0
MAG128_00501,2.68153
MAG128_00502,0.229782
MAG128_00503,53.0895
MAG128_00504,0.705639
MAG128_00505,1.54063
MAG128_00506,0.449063
MAG128_00507,0
MAG128_00508,0
MAG128_00509,0
MAG128_00510,0.399335
MAG128_00511,0.609354
MAG128_00512,1.92121
MAG128_00513,0.110609
MAG128_00514,0.0808117
MAG128_00515,0
MAG128_00516,0.692611
MAG128_00517,0
MAG128_00518,0.54552
MAG128_00519,0
MAG128_00520,0.544149
MAG128_00521,0.942675
MAG128_00522,2.19177
MAG128_00523,0.127692
MAG128_00524,0.07912
MAG128_00525,0
MAG128_00526,0.619114
MAG128_00527,0
MAG128_00528,0
MAG128_00529,1.1894
MAG128_00530,1.42399
MAG128_00531,1.23634
MAG128_00532,0
MAG128_00533,0.235389
MAG128_00534,0.233643
MAG128_00535,0.298536
MAG128_00536,0.34331
MAG128_00537,0.77327
MAG128_00538,2.09566
MAG128_00539,0.655977
MAG128_00540,0.522832
MAG128_00541,0.254401
MAG128_00542,0.0805656
MAG128_00543,0
MAG128_00544,0
MAG128_00545,1.91169
MAG128_00546,7.17812
MAG128_00547,0
MAG128_00548,0.345101
MAG128_00549,0
MAG128_00550,0.172102
MAG128_00551,0.185538
MAG128_00552,0.401686
MAG128_00553,0.640201
MAG128_00554,0.916358
MAG128_00555,0
MAG128_00556,0.155451
MAG128_00557,0
MAG128_00558,0.665723
MAG128_00559,0.332384
MAG128_00560,0.815255
MAG128_00561,0
MAG128_00562,0.112109
MAG128_00563,0
MAG128_00564,1.46716
MAG128_00565,0.133087
MAG128_00566,0
MAG128_00567,0.493615
MAG128_00568,0.923804
MAG128_00569,0.606829
MAG128_00570,0
MAG128_00571,0.212911
MAG128_00572,0.754498
MAG128_00573,0.68112
MAG128_00574,0.282819
MAG128_00575,1.2523
MAG128_00576,0.891166
MAG128_00577,0
MAG128_00578,3.05169
MAG128_00579,0.619619
MAG128_00580,0.860259
MAG128_00581,0.14286
MAG128_00582,0
MAG128_00583,0.447425
MAG128_00584,0
MAG128_00585,0.0785562
MAG128_00586,0.407042
MAG128_00587,16.6696
MAG128_00588,0.0972711
MAG128_00589,1.01112
MAG128_00590,0
MAG128_00591,0.114934
MAG128_00592,0.132157
MAG128_00593,0
MAG128_00594,0.31683
MAG128_00595,0.770115
MAG128_00596,5.90713
MAG128_00597,5.42474
MAG128_00598,3.31182
MAG128_00599,0.890633
MAG128_00600,0
MAG128_00601,0.232357
MAG128_00602,0.357686
MAG128_00603,0.661444
MAG128_00604,0.271995
MAG128_00605,0.507826
MAG128_00606,0.643428
MAG128_00607,0
MAG128_00608,0
MAG128_00609,0
MAG128_00610,0.422648
MAG128_00611,0.312435
MAG128_00612,0.208219
MAG128_00613,0.126794
MAG128_00614,2.17262
MAG128_00615,0.861051
MAG128_00616,0.713421
MAG128_00617,0
MAG128_00618,0.377429
MAG128_00619,0.271083
MAG128_00620,0.173304
MAG128_00621,0
MAG128_00622,0.204359
MAG128_00623,0
MAG128_00624,1.43347
MAG128_00625,0.101293
MAG128_00626,0.642178
MAG128_00627,1.0943
MAG128_00628,0
MAG128_00629,0.158746
MAG128_00630,1.28297
MAG128_00631,0.867916
MAG128_00632,1.17695
MAG128_00633,0.900945
MAG128_00634,0
MAG128_00635,0
MAG128_00636,0
MAG128_00637,0.607687
MAG128_00638,2.62246
MAG128_00639,0.356093
MAG128_00640,0.817859
MAG128_00641,0
MAG128_00642,0.696256
MAG128_00643,0
MAG128_00644,0.579144
MAG128_00645,0
MAG128_00646,0.269244
MAG128_00647,0
MAG128_00648,0
MAG128_00649,0
MAG128_00650,0.510111
MAG128_00651,2.1886
MAG128_00652,0.222833
MAG128_00653,1.02377
MAG128_00654,0
MAG128_00655,2.15454
MAG128_00656,0.187555
MAG128_00657,0
MAG128_00658,0.289261
MAG128_00659,0
MAG128_00660,0
MAG128_00661,0.0501474
MAG128_00662,0.182049
MAG128_00663,0.868145
MAG128_00664,0.506465
MAG128_00665,0.693129
MAG128_00666,143.754
MAG128_00667,1.2325
MAG128_00668,0
MAG128_00669,0
MAG128_00670,0.423227
MAG128_00671,0.217819
MAG128_00672,0.659645
MAG128_00673,0.236737
MAG128_00674,0.158493
MAG128_00675,0.0999159
MAG128_00676,0
MAG128_00677,14.4547
MAG128_00678,0
MAG128_00679,0.672883
MAG128_00680,0.382454
MAG128_00681,5.83915
MAG128_00682,0
MAG128_00683,0.557396
MAG128_00684,143.754
MAG128_00685,139.251
MAG128_00686,0
MAG128_00687,0
MAG128_00688,0
MAG128_00689,0
MAG128_00690,1.79515
MAG128_00691,0.180107
MAG128_00692,9.33595
MAG128_00693,0.263698
MAG128_00694,0
MAG128_00695,0
MAG128_00696,0
MAG128_00697,0
MAG128_00698,0.721373
MAG128_00699,0
MAG128_00700,0.485018
MAG128_00701,0.419816
MAG128_00702,1.12456
MAG128_00703,1.55329
MAG128_00704,0.34056
MAG128_00705,0
MAG128_00706,0.933071
MAG128_00707,0.759034
MAG128_00708,0.486952
MAG128_00709,1.09669
MAG128_00710,0
MAG128_00711,0.295727
MAG128_00712,0
MAG128_00713,0.171692
MAG128_00714,0.736984
MAG128_00715,0
MAG128_00716,0.211099
MAG128_00717,0.0634174
MAG128_00718,0
MAG128_00719,0
MAG128_00720,1.55187
MAG128_00721,0.351544
MAG128_00722,0
MAG128_00723,0.272423
MAG128_00724,0.120262
MAG128_00725,0.48815
MAG128_00726,0.0670835
MAG128_00727,0.147151
MAG128_00728,0
MAG128_00729,59.1818
MAG128_00730,0.142348
MAG128_00731,1.38022
MAG128_00732,0
MAG128_00733,0.216335
MAG128_00734,0
MAG128_00735,0
MAG128_00736,1.1676
MAG128_00737,1.9584
MAG128_00738,1.22717
MAG128_00739,0.173153
MAG128_00740,0.321714
MAG128_00741,0.237247
MAG128_00742,0.746791
MAG128_00743,0.167454
MAG128_00744,0.042923
MAG128_00745,0
MAG128_00746,0
MAG128_00747,0
MAG128_00748,0.124098
MAG128_00749,0.24589
MAG128_00750,0.165499
MAG128_00751,0.222494
MAG128_00752,0.11098
MAG128_00753,0.35152
MAG128_00754,0
MAG128_00755,0
MAG128_00756,0
MAG128_00757,0
MAG128_00758,1.57862
MAG128_00759,1.57755
MAG128_00760,0.438042
MAG128_00761,0.0782773
MAG128_00762,0.381235
MAG128_00763,0
MAG128_00764,0
MAG128_00765,0.110057
MAG128_00766,0.685039
MAG128_00767,0.277917
MAG128_00768,0.715074
MAG128_00769,0.0738218
MAG128_00770,0.305658
MAG128_00771,1.62917
MAG128_00772,0
MAG128_00773,0
MAG128_00774,0.612739
MAG128_00775,0.3253
MAG128_00776,0
MAG128_00777,0.387199
MAG128_00778,0
MAG128_00779,0.0900536
MAG128_00780,0.415132
MAG128_00781,0.0987229
MAG128_00782,0.155561
MAG128_00783,0.254401
MAG128_00784,0
MAG128_00785,0.560772
MAG128_00786,0.313109
MAG128_00787,0.101293
MAG128_00788,0.626961
MAG128_00789,0.378779
MAG128_00790,1.38212
MAG128_00791,0.5774
MAG128_00792,0.0584314
MAG128_00793,0.562931
MAG128_00794,0.283881
MAG128_00795,0.146337
MAG128_00796,0
MAG128_00797,0
MAG128_00798,0.188714
MAG128_00799,0.430752
MAG128_00800,0.261785
MAG128_00801,0.757378
MAG128_00802,0.752957
MAG128_00803,0.531992
MAG128_00804,0
MAG128_00805,0.704913
MAG128_00806,0.596253
MAG128_00807,0.269153
MAG128_00808,0
MAG128_00809,0.459868
MAG128_00810,0.783222
MAG128_00811,0.823453
MAG128_00812,0.875638
MAG128_00813,1.48588
MAG128_00814,0.132554
MAG128_00815,0.769866
MAG128_00816,1.81217
MAG128_00817,0
MAG128_00818,0.638048
MAG128_00819,1.78769
MAG128_00820,48.6793
MAG128_00821,0.427131
MAG128_00822,0.277141
MAG128_00823,0.730877
MAG128_00824,2.29333
MAG128_00825,0
MAG128_00826,0.102868
MAG128_00827,0.501678
MAG128_00828,3.59155
MAG128_00829,0
MAG128_00830,0.87032
MAG128_00831,0.216394
MAG128_00832,0.164702
MAG128_00833,0.202772
MAG128_00834,0.342323
MAG128_00835,0
MAG128_00836,0
MAG128_00837,0.232739
MAG128_00838,0.206917
MAG128_00839,0.244617
MAG128_00840,0.109783
MAG128_00841,0.0750787
MAG128_00842,0.708184
MAG128_00843,1.18873
MAG128_00844,0.0740698
MAG128_00845,0
MAG128_00846,0.352248
MAG128_00847,105.309
MAG128_00848,1.30548
MAG128_00849,0
MAG128_00850,0
MAG128_00851,0
MAG128_00852,0.0591631
MAG128_00853,0.179474
MAG128_00854,0.139663
MAG128_00855,1.1573
MAG128_00856,0.245776
MAG128_00857,0.138626
MAG128_00858,0.0561497
MAG128_00859,0.386398
MAG128_00860,0.88283
MAG128_00861,3.82829
MAG128_00862,22.0052
MAG128_00863,63.0873
MAG128_00864,0.11801
MAG128_00865,2.73529
MAG128_00866,0.244225
MAG128_00867,0
MAG128_00868,0.116863
MAG128_00869,0.647265
MAG128_00870,0.35948
MAG128_00871,0.455122
MAG128_00872,0
MAG128_00873,0
MAG128_00874,0.290532
MAG128_00875,0
MAG128_00876,0.822399
MAG128_00877,0.0763792
MAG128_00878,0.06688
MAG128_00879,0.48105
MAG128_00880,22.9727
MAG128_00881,0.156124
MAG128_00882,2.16441
MAG128_00883,0.163724
MAG128_00884,0.241697
MAG128_00885,0.61119
MAG128_00886,0.249916
MAG128_00887,0
MAG128_00888,0.665883
MAG128_00889,0.45408
MAG128_00890,0.913836
MAG128_00891,2.1239
MAG128_00892,0.271454
MAG128_00893,0.372644
MAG128_00894,0
MAG128_00895,0.115335
MAG128_00896,0.581063
MAG128_00897,0.789522
MAG128_00898,0.258983
MAG128_00899,0.43263
MAG128_00900,0
MAG128_00901,0.219021
MAG128_00902,0
MAG128_00903,0
MAG128_00904,1.77436
MAG128_00905,36.045
MAG128_00906,0.0881142
MAG128_00907,0
MAG128_00908,0
MAG128_00909,0.111448
MAG128_00910,0.0613015
MAG128_00911,0.103189
MAG128_00912,0.501569
MAG128_00913,0.0266496
MAG128_00914,10.7875
MAG128_00915,0.178047
MAG128_00916,0
MAG128_00917,0
MAG128_00918,7.75995
MAG128_00919,0.251022
MAG128_00920,0.453044
MAG128_00921,0.190179
MAG128_00922,0.665883
MAG128_00923,1.36079
MAG128_00924,0.595407
MAG128_00925,0.812584
MAG128_00926,0.249601
MAG128_00927,2.90692
MAG128_00928,1.14724
MAG128_00929,1.89634
MAG128_00930,1.18822
MAG128_00931,1.69015
MAG128_00932,1.35103
MAG128_00933,0.568211
MAG128_00934,3.13414
MAG128_00935,3.75142
MAG128_00936,0.62909
MAG128_00937,1.06114
MAG128_00938,1.19695
MAG128_00939,43.2143
MAG128_00940,0.444817
MAG128_00941,0.812738
MAG128_00942,0
MAG128_00943,0.0893843
MAG128_00944,0.325754
MAG128_00945,0.244225
MAG128_00946,5.61497
MAG128_00947,1.17834
MAG128_00948,0
MAG128_00949,0.145372
MAG128_00950,0
MAG128_00951,0
MAG128_00952,0
MAG128_00953,0.30534
MAG128_00954,0.104549
MAG128_00955,13.3049
MAG128_00956,0
MAG128_00957,0.598979
MAG128_00958,0.329897
MAG128_00959,0
MAG128_00960,0.168021
MAG128_00961,0.0342717
MAG128_00962,0.120262
MAG128_00963,5.83627
MAG128_00964,0.963267
MAG128_00965,0.805656
MAG128_00966,0.644054
MAG128_00967,0.176857
MAG128_00968,0.590575
MAG128_00969,0
MAG128_00970,0
MAG128_00971,0.0583455
MAG128_00972,0.0762032
MAG128_00973,1.86322
MAG128_00974,1.15674
MAG128_00975,0.0848549
MAG128_00976,0.309086
MAG128_00977,0
MAG128_00978,0
MAG128_00979,0.220236
MAG128_00980,0.990397
MAG128_00981,0.571105
MAG128_00982,0.387092
MAG128_00983,0.352144
MAG128_00984,0
MAG128_00985,1.56808
MAG128_00986,0.0448741
MAG128_00987,1.23664
MAG128_00988,0
MAG128_00989,0
MAG128_00990,0.409563
MAG128_00991,0.465337
MAG128_00992,0.236019
MAG128_00993,2.91256
MAG128_00994,1.2332
MAG128_00995,0.524361
MAG128_00996,0
MAG128_00997,0
MAG128_00998,0.800018
MAG128_00999,0
MAG128_01000,0.0664767
MAG128_01001,0
MAG128_01002,0
MAG128_01003,0
MAG128_01004,2.28084
MAG128_01005,0
MAG128_01006,0
MAG128_01007,0.262651
MAG128_01008,0.394499
MAG128_01009,0.114635
MAG128_01010,0.335191
MAG128_01011,1.31355
MAG128_01012,0.721575
MAG128_01013,0.54715
MAG128_01014,0.114437
MAG128_01015,0.198781
MAG128_01016,4.3516
MAG128_01017,116.855
MAG128_01018,20.4525
MAG128_01019,0.377968
MAG128_01020,0.114108
MAG128_01021,0.399262
MAG128_01022,0
MAG128_01023,0.138959
MAG128_01024,3.15458
MAG128_01025,0.232248
MAG128_01026,0
MAG128_01027,0.109239
MAG128_01028,0
MAG128_01029,0
MAG128_01030,0
MAG128_01031,0
MAG128_01032,0.13638
MAG128_01033,0.284696
MAG128_01034,0
MAG128_01035,0.0821414
MAG128_01036,0
MAG128_01037,0
MAG128_01038,0
MAG128_01039,0.555835
MAG128_01040,0.19893
MAG128_01041,0
MAG128_01042,0.669252
MAG128_01043,0.94944
MAG128_01044,0.366338
MAG128_01045,0.464987
MAG128_01046,0.783701
MAG128_01047,1.50328
MAG128_01048,0.273701
MAG128_01049,0.0672883
MAG128_01050,0
MAG128_01051,1.08433
MAG128_01052,0
MAG128_01053,0
MAG128_01054,0.240671
MAG128_01055,0
MAG128_01056,0.523294
MAG128_01057,2.82132
MAG128_01058,0.0588473
MAG128_01059,0.312002
MAG128_01060,0
MAG128_01061,0
MAG128_01062,0
MAG128_01063,0
MAG128_01064,64.3805
MAG128_01065,17.6687
MAG128_01066,26.9192
MAG128_01067,0
MAG128_01068,0.72775
MAG128_01069,0.831755
MAG128_01070,0
MAG128_01071,0
MAG128_01072,0
MAG128_01073,0
MAG128_01074,0
MAG128_01075,0.248476
MAG128_01076,0.420706
MAG128_01077,0
MAG128_01078,0
MAG128_01079,0.576476
MAG128_01080,0.199832
MAG128_01081,0.424274
MAG128_01082,0.262686
MAG128_01083,0.221219
MAG128_01084,0.354526
MAG128_01085,0.611116
MAG128_01086,0
MAG128_01087,0.06791
MAG128_01088,0
MAG128_01089,0
MAG128_01090,0.272423
MAG128_01091,0.52877
MAG128_01092,0.0977021
MAG128_01093,0
MAG128_01094,1.25063
MAG128_01095,1.58746
MAG128_01096,0
MAG128_01097,0
MAG128_01098,0
MAG128_01099,0
MAG128_01100,0
MAG128_01101,0.86544
MAG128_01102,0
MAG128_01103,0
MAG128_01104,0.194542
MAG128_01105,0
MAG128_01106,0
MAG128_01107,0.137514
MAG128_01108,0.387015
MAG128_01109,0.0615296
MAG128_01110,0.421481
MAG128_01111,1.20126
MAG128_01112,0
MAG128_01113,68.9954
MAG128_01114,0.372854
MAG128_01115,0
MAG128_01116,0.109511
MAG128_01117,0
MAG128_01118,0.281067
MAG128_01119,0.0532992
MAG128_01120,0.0690442
MAG128_01121,4.56676
MAG128_01122,0
MAG128_01123,0.361939
MAG128_01124,0.510767
MAG128_01125,0.165499
MAG128_01126,0
MAG128_01127,0
MAG128_01128,0
MAG128_01129,0
MAG128_01130,0
MAG128_01131,0
MAG128_01132,0
MAG128_01133,0.143896
MAG128_01134,0.165983
MAG128_01135,0.460829
MAG128_01136,0.285844
MAG128_01137,0.515411
MAG128_01138,0
MAG128_01139,0
MAG128_01140,0
MAG128_01141,0
MAG128_01142,0.076912
MAG128_01143,2.31334
MAG128_01144,3.07762
MAG128_01145,0.430908
MAG128_01146,4.80231
MAG128_01147,3.80583
MAG128_01148,0.299296
MAG128_01149,0
MAG128_01150,0
MAG128_01151,0.242583
MAG128_01152,0
MAG128_01153,0.141839
MAG128_01154,0
MAG128_01155,0
MAG128_01156,0.488511
MAG128_01157,0.672004
MAG128_01158,1.65637
MAG128_01159,0.118326
MAG128_01160,0.153824
MAG128_01161,0
MAG128_01162,0
MAG128_01163,0.0999159
MAG128_01164,1.0804
MAG128_01165,1.00932
MAG128_01166,0.0651669
MAG128_01167,0.396866
MAG128_01168,0
MAG128_01169,0.477003
MAG128_01170,0
MAG128_01171,0.110363
MAG128_01172,0.434803
MAG128_01173,19.0656
MAG128_01174,0.104082
MAG128_01175,0.221219
MAG128_01176,0.72915
MAG128_01177,0
MAG128_01178,0.203835
MAG128_01179,1.052
MAG128_01180,0
MAG128_01181,0.52288
MAG128_01182,0.46816
MAG128_01183,0.889635
MAG128_01184,0
MAG128_01185,0.157674
MAG128_01186,67.932
MAG128_01187,1.60139
MAG128_01188,0
MAG128_01189,0
MAG128_01190,0
MAG128_01191,0
MAG128_01192,0.128811
MAG128_01193,0.342126
MAG128_01194,0.425822
MAG128_01195,0
MAG128_01196,0
MAG128_01197,0.350202
MAG128_01198,0
MAG128_01199,0.210567
MAG128_01200,0
MAG128_01201,0.573269
MAG128_01202,0.130052
MAG128_01203,0
MAG128_01204,1.19561
MAG128_01205,1.88759
MAG128_01206,0
MAG128_01207,0
MAG128_01208,0.904471
MAG128_01209,0
MAG128_01210,0.276755
MAG128_01211,0.775129
MAG128_01212,0.141865
MAG128_01213,0
MAG128_01214,0.0985758
MAG128_01215,0
MAG128_01216,0.508502
MAG128_01217,0
MAG128_01218,0.154905
MAG128_01219,0.274173
MAG128_01220,33.6809
MAG128_01221,1.07701
MAG128_01222,0.26961
MAG128_01223,0.869605
MAG128_01224,0.0479654
MAG128_01225,0
MAG128_01226,0.134167
MAG128_01227,1.61328
MAG128_01228,0.825429
MAG128_01229,0.195308
MAG128_01230,0.31348
MAG128_01231,0.0934903
MAG128_01232,0.291978
MAG128_01233,0.14286
MAG128_01234,0.219992
MAG128_01235,0.356711
MAG128_01236,0
MAG128_01237,0
MAG128_01238,0.54069
MAG128_01239,0.100269
MAG128_01240,0
MAG128_01241,0
MAG128_01242,0.449491
MAG128_01243,0.254821
MAG128_01244,0
MAG128_01245,0.24589
MAG128_01246,0
MAG128_01247,0.266711
MAG128_01248,0.265759
MAG128_01249,0.129822
MAG128_01250,0.601677
MAG128_01251,0.248663
MAG128_01252,17.3388
MAG128_01253,1.97219
MAG128_01254,4.96083
MAG128_01255,0
MAG128_01256,0.716624
MAG128_01257,0.259644
MAG128_01258,0
MAG128_01259,0.255384
MAG128_01260,0.602576
MAG128_01261,0
MAG128_01262,0.104164
MAG128_01263,1.19571
MAG128_01264,1.03892
MAG128_01265,0
MAG128_01266,0.141637
MAG128_01267,0
MAG128_01268,0
MAG128_01269,0.235669
MAG128_01270,0.0859018
MAG128_01271,0.161854
MAG128_01272,0.456168
MAG128_01273,0.112299
MAG128_01274,0
MAG128_01275,0
MAG128_01276,0.294193
MAG128_01277,1.16383
MAG128_01278,0.837977
MAG128_01279,0.182888
MAG128_01280,0.63296
MAG128_01281,2.4893
MAG128_01282,1.32152
MAG128_01283,4.46373
MAG128_01284,1.16451
MAG128_01285,0.544772
MAG128_01286,0
MAG128_01287,0.157862
MAG128_01288,0.201047
MAG128_01289,0
MAG128_01290,0
MAG128_01291,0
MAG128_01292,0.837977
MAG128_01293,0
MAG128_01294,0
MAG128_01295,0
MAG128_01296,0.136756
MAG128_01297,0.206379
MAG128_01298,0.369109
MAG128_01299,0.421004
MAG128_01300,0.112682
MAG128_01301,0.138088
MAG128_01302,0
MAG128_01303,0
MAG128_01304,0.198037
MAG128_01305,0.621657
MAG128_01306,0
MAG128_01307,0.426127
MAG128_01308,1.53709
MAG128_01309,0.263523
MAG128_01310,0.250864
MAG128_01311,0
MAG128_01312,0.415132
MAG128_01313,0.187697
MAG128_01314,0.121366
MAG128_01315,0.0733308
MAG128_01316,0.123289
MAG128_01317,0.136474
MAG128_01318,1.64675
MAG128_01319,3.04988
MAG128_01320,0
MAG128_01321,0.539954
MAG128_01322,2.34832
MAG128_01323,1.19978
MAG128_01324,0
MAG128_01325,0.55186
MAG128_01326,3.42693
MAG128_01327,1.44053
MAG128_01328,0.315474
MAG128_01329,0.349354
MAG128_01330,0
MAG128_01331,0
MAG128_01332,0
MAG128_01333,0.202897
MAG128_01334,0.358312
MAG128_01335,0
MAG128_01336,0.358992
MAG128_01337,0
MAG128_01338,0.413402
MAG128_01339,0
MAG128_01340,0.840818
MAG128_01341,5.03668
MAG128_01342,0.043516
MAG128_01343,0.214406
MAG128_01344,0.0316935
MAG128_01345,4.1257
MAG128_01346,1.2639
MAG128_01347,3.10776
MAG128_01348,0.0999159
MAG128_01349,0.108671
MAG128_01350,0.105789
MAG128_01351,0.807733
MAG128_01352,0.0930955
MAG128_01353,0
MAG128_01354,0.117695
MAG128_01355,0
MAG128_01356,0.238788
MAG128_01357,0.465259
MAG128_01358,0.959048
MAG128_01359,0.159001
MAG128_01360,7.97902
MAG128_01361,0
MAG128_01362,0.722325
MAG128_01363,4.15828
MAG128_01364,0.277529
MAG128_01365,0.426488
MAG128_01366,0.506704
MAG128_01367,0.0377968
MAG128_01368,0.0883102
MAG128_01369,341.082
MAG128_01370,178.499
MAG128_01371,14.9927
MAG128_01372,0.55771
MAG128_01373,0
MAG128_01374,0
MAG128_01375,0.93297
MAG128_01376,0.060461
MAG128_01377,0
MAG128_01378,0.403319
MAG128_01379,0.185799
MAG128_01380,1.22641
MAG128_01381,0
MAG128_01382,0.71174
MAG128_01383,0
MAG128_01384,0.323181
MAG128_01385,0
MAG128_01386,0.465337
MAG128_01387,0.16865
MAG128_01388,0.293323
MAG128_01389,0
MAG128_01390,0
MAG128_01391,0.470221
MAG128_01392,0.198678
MAG128_01393,0.0707426
MAG128_01394,0.922614
MAG128_01395,0
MAG128_01396,0.276755
MAG128_01397,0
MAG128_01398,0
MAG128_01399,0
MAG128_01400,0
MAG128_01401,0.290836
MAG128_01402,0.112682
MAG128_01403,0.356836
MAG128_01404,0.40914
MAG128_01405,0.511614
MAG128_01406,0.061991
MAG128_01407,0.0440375
MAG128_01408,0
MAG128_01409,1.142
MAG128_01410,0.536886
MAG128_01411,1.57721
MAG128_01412,0.77878
MAG128_01413,0.661444
MAG128_01414,1.0312
MAG128_01415,0
MAG128_01416,1.2068
MAG128_01417,0.31348
MAG128_01418,0
MAG128_01419,0.29354
MAG128_01420,0.522667
MAG128_01421,0.748804
MAG128_01422,0.409563
MAG128_01423,5.35372
MAG128_01424,1.14418
MAG128_01425,0.694794
MAG128_01426,0
MAG128_01427,1.3603
MAG128_01428,1.17532
MAG128_01429,0
MAG128_01430,0
MAG128_01431,2.50339
MAG128_01432,0
MAG128_01433,0
MAG128_01434,0.774184
MAG128_01435,1.26098
MAG128_01436,0
MAG128_01437,0
MAG128_01438,0
MAG128_01439,0.729869
MAG128_01440,0.694569
MAG128_01441,0.547362
MAG128_01442,0
MAG128_01443,0.0788371
MAG128_01444,0.367615
MAG128_01445,0
MAG128_01446,0
MAG128_01447,0
MAG128_01448,0.101448
MAG128_01449,1.18822
MAG128_01450,0.397946
MAG128_01451,0
MAG128_01452,0.14442
MAG128_01453,0
MAG128_01454,0
MAG128_01455,0
MAG128_01456,0.347032
MAG128_01457,0.479481
MAG128_01458,0.388475
MAG128_01459,0
MAG128_01460,0.0736574
MAG128_01461,0.103189
MAG128_01462,3.89934
MAG128_01463,0
MAG128_01464,0.190618
MAG128_01465,0
MAG128_01466,0
MAG128_01467,0.161459
MAG128_01468,0.979111
MAG128_01469,1.78233
MAG128_01470,1.60545
MAG128_01471,0.489153
MAG128_01472,0.29354
MAG128_01473,0.287392
MAG128_01474,0.346406
MAG128_01475,0
MAG128_01476,0
MAG128_01477,0.305517
MAG128_01478,0.412757
MAG128_01479,0.3253
MAG128_01480,0
MAG128_01481,1.72123
MAG128_01482,9.54849
MAG128_01483,0.706605
MAG128_01484,1.60971
MAG128_01485,3.38413
MAG128_01486,0.193028
MAG128_01487,0
MAG128_01488,0.132289
MAG128_01489,0
MAG128_01490,0.159512
MAG128_01491,0
MAG128_01492,0.155634
MAG128_01493,1.52517
MAG128_01494,0
MAG128_01495,0.759117
MAG128_01496,0.120394
MAG128_01497,0.86544
MAG128_01498,0.0904848
MAG128_01499,0
MAG128_01500,0.726329
MAG128_01501,0.824576
MAG128_01502,0
MAG128_01503,0.683074
MAG128_01504,0.257371
MAG128_01505,0.65652
MAG128_01506,0.72915
MAG128_01507,0
MAG128_01508,0.715627
MAG128_01509,0
MAG128_01510,1.1218
MAG128_01511,0
MAG128_01512,0.329404
MAG128_01513,0
MAG128_01514,0.888838
MAG128_01515,0.69106
MAG128_01516,1.81715
MAG128_01517,0.60544
MAG128_01518,0.246807
MAG128_01519,0.89678
MAG128_01520,0.246807
MAG128_01521,0.55262
MAG128_01522,0.318768
MAG128_01523,1.12275
MAG128_01524,1.04329
MAG128_01525,0.704079
MAG128_01526,112.102
MAG128_01527,0.557919
MAG128_01528,0.293382
MAG128_01529,0.198235
MAG128_01530,0.719482
MAG128_01531,0.296833
MAG128_01532,0
MAG128_01533,0
MAG128_01534,0
MAG128_01535,0
MAG128_01536,0.603664
MAG128_01537,0.390068
MAG128_01538,0.172401
MAG128_01539,0
MAG128_01540,0.323247
MAG128_01541,0
MAG128_01542,0
MAG128_01543,1.84199
MAG128_01544,0.504064
MAG128_01545,0
MAG128_01546,0.106598
MAG128_01547,0.204307
MAG128_01548,0.197005
MAG128_01549,0
MAG128_01550,0
MAG128_01551,0.311582
MAG128_01552,0.510111
MAG128_01553,0.529626
MAG128_01554,0.2056
MAG128_01555,0
MAG128_01556,0.481381
MAG128_01557,0.38456
MAG128_01558,0.226328
MAG128_01559,0
MAG128_01560,0.77614
MAG128_01561,0.0912336
MAG128_01562,0
MAG128_01563,0.0495092
MAG128_01564,0.443096
MAG128_01565,0.296279
MAG128_01566,1.20587
MAG128_01567,0.901727
MAG128_01568,0.623163
MAG128_01569,0.0381675
MAG128_01570,0.335758
MAG128_01571,1.11793
MAG128_01572,0.672137
MAG128_01573,0.645496
MAG128_01574,0.230201
MAG128_01575,0.201865
MAG128_01576,0.782773
MAG128_01577,0.411931
MAG128_01578,0.24513
MAG128_01579,0.114701
MAG128_01580,0
MAG128_01581,0.120262
MAG128_01582,0.130334
MAG128_01583,0.327447
MAG128_01584,0
MAG128_01585,0.173153
MAG128_01586,0.159128
MAG128_01587,0.905133
MAG128_01588,0
MAG128_01589,0.185734
MAG128_01590,0.783994
MAG128_01591,2.76071
MAG128_01592,0.991486
MAG128_01593,0.40128
MAG128_01594,0
MAG128_01595,0.0959541
MAG128_01596,0.783878
MAG128_01597,1.32935
MAG128_01598,0.878995
MAG128_01599,0
MAG128_01600,0
MAG128_01601,0
MAG128_01602,0
MAG128_01603,0
MAG128_01604,0
MAG128_01605,0
MAG128_01606,0
MAG128_01607,0.735367
MAG128_01608,0.9959
MAG128_01609,0.39052
MAG128_01610,0
MAG128_01611,0
MAG128_01612,0
MAG128_01613,0.127201
MAG128_01614,0.353713
MAG128_01615,0.107203
MAG128_01616,0.576601
MAG128_01617,0
MAG128_01618,0.318512
MAG128_01619,0.265818
MAG128_01620,0.156963
MAG128_01621,0.189797
MAG128_01622,1.09901
MAG128_01623,0.152173
MAG128_01624,0
MAG128_01625,0.0934903
MAG128_01626,0.139398
MAG128_01627,0.169167
MAG128_01628,0.49178
MAG128_01629,0.230468
MAG128_01630,0
MAG128_01631,0
MAG128_01632,0
MAG128_01633,2.36582
MAG128_01634,0
MAG128_01635,0.172027
MAG128_01636,0
MAG128_01637,376.839
MAG128_01638,0
MAG128_01639,0
MAG128_01640,0.728577
MAG128_01641,0
MAG128_01642,0.402268
MAG128_01643,0
MAG128_01644,0
MAG128_01645,0.35948
MAG128_01646,1.23059
MAG128_01647,0
MAG128_01648,0.742194
MAG128_01649,0.42491
MAG128_01650,0.0307362
MAG128_01651,0.247269
MAG128_01652,0
MAG128_01653,10.4551
MAG128_01654,9.52927
MAG128_01655,0.392548
MAG128_01656,0.3852
MAG128_01657,0.442931
MAG128_01658,0.627953
MAG128_01659,0.709051
MAG128_01660,0.178047
MAG128_01661,0.377968
MAG128_01662,0
MAG128_01663,26.2187
MAG128_01664,2.76149
MAG128_01665,0.258124
MAG128_01666,0
MAG128_01667,0.368492
MAG128_01668,0.180805
MAG128_01669,0
MAG128_01670,0.648777
MAG128_01671,0
MAG128_01672,0.277219
MAG128_01673,0.179577
MAG128_01674,0.405438
MAG128_01675,0.162517
MAG128_01676,0.475517
MAG128_01677,0.822399
MAG128_01678,0
MAG128_01679,0.266174
MAG128_01680,0.426188
MAG128_01681,0
MAG128_01682,0.110671
MAG128_01683,0
MAG128_01684,1.25392
MAG128_01685,0.171507
MAG128_01686,0.301341
MAG128_01687,0
MAG128_01688,0
MAG128_01689,0
MAG128_01690,0
MAG128_01691,0.214368
MAG128_01692,1.28021
MAG128_01693,1.11312
MAG128_01694,11.906
MAG128_01695,0
MAG128_01696,0
MAG128_01697,0.446168
MAG128_01698,0.260411
MAG128_01699,0.398941
MAG128_01700,0.264577
MAG128_01701,0.39886
MAG128_01702,0.169311
MAG128_01703,0.72509
MAG128_01704,0.646663
MAG128_01705,0.889834
MAG128_01706,0.354852
MAG128_01707,0.167242
MAG128_01708,0
MAG128_01709,0.34139
MAG128_01710,0
MAG128_01711,0.418194
MAG128_01712,0.721575
MAG128_01713,0.734333
MAG128_01714,3.20715
MAG128_01715,4.16657
MAG128_01716,1.39461
MAG128_01717,0
MAG128_01718,0.269153
MAG128_01719,0.0681198
MAG128_01720,1.06456
MAG128_01721,0
MAG128_01722,0.152406
MAG128_01723,0.973506
MAG128_01724,0
MAG128_01725,0.139251
MAG128_01726,0.941557
MAG128_01727,0
MAG128_01728,1.2349
MAG128_01729,0.710565
MAG128_01730,0
MAG128_01731,0
MAG128_01732,0
MAG128_01733,0.238215
MAG128_01734,0.624424
MAG128_01735,0.344801
MAG128_01736,0.679275
MAG128_01737,0.32297
MAG128_01738,1.39251
MAG128_01739,0.178921
MAG128_01740,0
MAG128_01741,30.4612
MAG128_01742,0.936889
MAG128_01743,4.08033
MAG128_01744,0.416701
MAG128_01745,0.325514
MAG128_01746,9.30443
MAG128_01747,10.5764
MAG128_01748,24.5857
MAG128_01749,0.859018
MAG128_01750,67.4498
MAG128_01751,0
MAG128_01752,0
MAG128_01753,0.154905
MAG128_01754,0.449198
MAG128_01755,0.303972
MAG128_01756,0.464578
MAG128_01757,0.770614
MAG128_01758,0.20064
MAG128_01759,0
MAG128_01760,0
MAG128_01761,0
MAG128_01762,0
MAG128_01763,0
MAG128_01764,0.427239
MAG128_01765,0.046352
MAG128_01766,0.420632
MAG128_01767,0.819711
MAG128_01768,0.343607
MAG128_01769,0.414265
MAG128_01770,0.427239
MAG128_01771,0
MAG128_01772,0
MAG128_01773,0.543477
MAG128_01774,0.977503
MAG128_01775,1.0647
MAG128_01776,0
MAG128_01777,25.045
MAG128_01778,0.0891834
MAG128_01779,0.812584
MAG128_01780,0.648929
MAG128_01781,0.992165
MAG128_01782,0
MAG128_01783,0
MAG128_01784,0
MAG128_01785,0
MAG128_01786,0
MAG128_01787,0.71896
MAG128_01788,0.713788
MAG128_01789,0.620103
MAG128_01790,0
MAG128_01791,0
MAG128_01792,1.92544
MAG128_01793,1.41952
MAG128_01794,1.26306
MAG128_01795,0.172476
MAG128_01796,0
MAG128_01797,0.579085
MAG128_01798,0
MAG128_01799,0
MAG128_01800,0
MAG128_01801,1.22038
MAG128_01802,0.191908
MAG128_01803,0
MAG128_01804,0.839395
MAG128_01805,0.104329
MAG128_01806,0.182383
MAG128_01807,0
MAG128_01808,1.91219
MAG128_01809,1.47397
MAG128_01810,0.387943
MAG128_01811,0.616841
MAG128_01812,0
MAG128_01813,0
MAG128_01814,0.0865764
MAG128_01815,0.926021
MAG128_01816,2.06701
MAG128_01817,0.12978
MAG128_01818,0.17901
MAG128_01819,0
MAG128_01820,0
MAG128_01821,0.176072
MAG128_01822,0
MAG128_01823,0.609881
MAG128_01824,0.41126
MAG128_01825,0.14286
MAG128_01826,0.117018
MAG128_01827,0.351832
MAG128_01828,0.22437
MAG128_01829,0.217939
MAG128_01830,0
MAG128_01831,0
MAG128_01832,0
MAG128_01833,0
MAG128_01834,0.317087
MAG128_01835,0.214832
MAG128_01836,0
MAG128_01837,0.652545
MAG128_01838,0.0705164
MAG128_01839,1.09443
MAG128_01840,0.292397
MAG128_01841,0.179903
MAG128_01842,0.167242
MAG128_01843,0.241403
MAG128_01844,0.191445
MAG128_01845,0
MAG128_01846,0.121218
MAG128_01847,1.16725
MAG128_01848,0.359806
MAG128_01849,0
MAG128_01850,0.405794
MAG128_01851,5.8708
MAG128_01852,0.0643428
MAG128_01853,0.184246
MAG128_01854,0
MAG128_01855,0.999434
MAG128_01856,0
MAG128_01857,0
MAG128_01858,0
MAG128_01859,0
MAG128_01860,0.652127
MAG128_01861,0
MAG128_01862,0.47391
MAG128_01863,0.441599
MAG128_01864,2.17887
MAG128_01865,33.3584
MAG128_01866,1.19448
MAG128_01867,0.303972
MAG128_01868,0.352144
MAG128_01869,0.370211
MAG128_01870,0.535495
MAG128_01871,0.0596432
MAG128_01872,0.338118
MAG128_01873,0
MAG128_01874,0.0547326
MAG128_01875,0.598592
MAG128_01876,30.3803
MAG128_01877,0.383816
MAG128_01878,0.44006
MAG128_01879,0.62928
MAG128_01880,0.0752781
MAG128_01881,0.316859
MAG128_01882,0.188984
MAG128_01883,0
MAG128_01884,0.310902
MAG128_01885,0.957073
MAG128_01886,0.20166
MAG128_01887,0
MAG128_01888,0.14442
MAG128_01889,4.3516
MAG128_01890,1.38875
MAG128_01891,0
MAG128_01892,0
MAG128_01893,0.616252
MAG128_01894,0.320422
MAG128_01895,0
MAG128_01896,0.330722
MAG128_01897,0.208219
MAG128_01898,0
MAG128_01899,0
MAG128_01900,0.114635
MAG128_01901,0.161131
MAG128_01902,0.373633
MAG128_01903,0.379704
MAG128_01904,0.142348
MAG128_01905,0.453389
MAG128_01906,0.165361
MAG128_01907,5.2075
MAG128_01908,1.57695
MAG128_01909,1.66471
MAG128_01910,5.21523
MAG128_01911,2.76382
MAG128_01912,0.167879
MAG128_01913,0.663997
MAG128_01914,0.64927
MAG128_01915,0
MAG128_01916,1.14288
MAG128_01917,23.4426
MAG128_01918,0.578101
MAG128_01919,0.339783
MAG128_01920,0.844621
MAG128_01921,0.303879
MAG128_01922,0
MAG128_01923,0.529155
MAG128_01924,0.715504
MAG128_01925,2.34182
MAG128_01926,0.231679
MAG128_01927,0.27968
MAG128_01928,0.055724
MAG128_01929,0
MAG128_01930,0.657685
MAG128_01931,0
MAG128_01932,0
MAG128_01933,0.0850549
MAG128_01934,0
MAG128_01935,0.24472
MAG128_01936,0.522651
MAG128_01937,0
MAG128_01938,0.371076
MAG128_01939,0
MAG128_01940,0.0953089
MAG128_01941,1.25255
MAG128_01942,0.800133
MAG128_01943,0.222959
MAG128_01944,0.154814
MAG128_01945,0
MAG128_01946,0.0359871
MAG128_01947,0
MAG128_01948,0.527347
MAG128_01949,0.28437
MAG128_01950,0
MAG128_01951,0.408687
MAG128_01952,0.0683309
MAG128_01953,0.63145
MAG128_01954,0.24035
MAG128_01955,0.0639385
MAG128_01956,0.155086
MAG128_01957,0.732032
MAG128_01958,0.594704
MAG128_01959,0.647205
MAG128_01960,0
MAG128_01961,0.723153
MAG128_01962,1.08903
MAG128_01963,1.05365
MAG128_01964,0.313728
MAG128_01965,0.603846
MAG128_01966,0
MAG128_01967,0.0548916
MAG128_01968,0.0709703
MAG128_01969,0.441699
MAG128_01970,0
MAG128_01971,0.152876
MAG128_01972,0
MAG128_01973,0.730428
MAG128_01974,0.23511
MAG128_01975,0.368098
MAG128_01976,0.3344
MAG128_01977,0.351344
MAG128_01978,0
MAG128_01979,0.285105
MAG128_01980,0
MAG128_01981,0.184332
MAG128_01982,0.496083
MAG128_01983,0
MAG128_01984,0.33512
MAG128_01985,0.0829917
MAG128_01986,0.712762
MAG128_01987,1.2325
MAG128_01988,0.157737
MAG128_01989,0.116247
MAG128_01990,0.493155
MAG128_01991,2.51014
MAG128_01992,0.421302
MAG128_01993,0.0637843
MAG128_01994,0.425214
MAG128_01995,0.602094
MAG128_01996,0.0562931
MAG128_01997,0
MAG128_01998,0.130141
MAG128_01999,0.366451
MAG128_02000,0
MAG128_02001,0.53486
MAG128_02002,0.280669
MAG128_02003,0
MAG128_02004,0.774751
MAG128_02005,0.105074
MAG128_02006,0.585348
MAG128_02007,0.167525
MAG128_02008,0.891834
MAG128_02009,0
MAG128_02010,0.257371
MAG128_02011,0.639849
MAG128_02012,0
MAG128_02013,1.52121
MAG128_02014,0
MAG128_02015,0
MAG128_02016,0.303414
MAG128_02017,0.841264
MAG128_02018,0
MAG128_02019,0.256153
MAG128_02020,0.244462
MAG128_02021,0.175636
MAG128_02022,0
MAG128_02023,0.230468
MAG128_02024,0.458757
MAG128_02025,0.228084
MAG128_02026,0.501854
MAG128_02027,0
MAG128_02028,0.260183
MAG128_02029,0
MAG128_02030,0
MAG128_02031,1.12586
MAG128_02032,0
MAG128_02033,0
MAG128_02034,0.150157
MAG128_02035,0.536668
MAG128_02036,0.152935
MAG128_02037,1.58114
MAG128_02038,0.258232
MAG128_02039,0.771363
MAG128_02040,0.146662
MAG128_02041,0
MAG128_02042,0.654895
MAG128_02043,0
MAG128_02044,0.980401
MAG128_02045,0.600816
MAG128_02046,0.303647
MAG128_02047,0
MAG128_02048,0
MAG128_02049,0.850914
MAG128_02050,0.947627
MAG128_02051,1.43792
MAG128_02052,0.25262
MAG128_02053,0.771363
MAG128_02054,0.357151
MAG128_02055,3.85715
MAG128_02056,0.568902
MAG128_02057,0.149142
MAG128_02058,0.142093
MAG128_02059,0.744124
MAG128_02060,0
MAG128_02061,0
MAG128_02062,0.083727
MAG128_02063,0.578185
MAG128_02064,0.233962
MAG128_02065,1.90343
MAG128_02066,0
MAG128_02067,0.499203
MAG128_02068,0.427044
MAG128_02069,0.550629
MAG128_02070,0.55072
MAG128_02071,0.0860135
MAG128_02072,0.455719
MAG128_02073,0.462548
MAG128_02074,0
MAG128_02075,2.60335
MAG128_02076,0.125511
MAG128_02077,1.42945
MAG128_02078,0
MAG128_02079,0.0599677
MAG128_02080,0.798523
MAG128_02081,0.128436
MAG128_02082,0
